Used Foils:,wide_stiff_for_real
Waterspeed:,0.0
Frequency:,0.40705535132852444
Heave Amplitude:,38
Pitch Amplitude:,40.34517944725452
Camber Amplitude,0
Pitch Phase,-0.7564035800026531
Camber Phase,0
Turn Rate,0
Test Duration,10

Time,Fx,Fz,Mx,My,Mz
3.192431926727295,-0.02,0.00,-0.04,0.02,-0.00
3.3818199634552,0.07,0.00,0.00,0.07,-0.00
3.5709168910980225,-0.07,0.00,-0.04,-0.02,-0.00
3.7603557109832764,0.17,0.00,0.05,0.12,-0.00
3.9493038654327393,0.01,0.00,-0.05,0.05,-0.01
4.138492822647095,0.01,0.00,0.02,-0.01,0.00
4.32746696472168,0.10,0.00,-0.00,0.10,-0.01
