Used Foils:,wide_stiff_for_real
Waterspeed:,0.0
Frequency:,0.40705535132852444
Heave Amplitude:,38
Pitch Amplitude:,40.34517944725452
Camber Amplitude,0
Pitch Phase,-0.7564035800026531
Camber Phase,0
Turn Rate,0
Test Duration,10

Time,Heave_pos,Pitch_right,Pitch_left,Power_consumption,Noise
4.104598045349121,55.00,90.00,90.00,0.00,0.00
4.174249887466431,122.47,57.53,0.00,0.00
4.244099855422974,126.17,53.83,0.00,0.00
4.313222885131836,28.75,51.25,0.00,0.00
