Used Foils:,stiff_foils
Waterspeed:,0.0
Frequency:,0.4
Heave Amplitude:,40
Pitch Amplitude:,40
Camber Amplitude,90
Pitch Phase,0
Camber Phase,0
Turn Rate,0
Test Duration,2

Time,Fx,Fz,Mx,My,Mz
3.2439029216766357,-0.27,-0.09,-0.14,-0.07,-0.01
3.447817802429199,-0.54,-0.25,-0.14,-0.07,-0.02
3.65224289894104,-0.46,-0.32,-0.07,-0.03,-0.02
3.855958938598633,-0.11,-0.27,0.01,0.01,-0.01
4.060040235519409,-0.01,-0.19,0.03,0.02,-0.00
4.263041973114014,-0.08,0.13,-0.02,-0.02,-0.00
4.4673919677734375,-0.89,0.38,-0.09,-0.08,-0.04
4.671263933181763,-1.20,0.51,-0.12,-0.09,-0.05
4.8755409717559814,-0.25,-0.16,0.03,0.01,0.00
