Used Foils:,stiff_foils
Waterspeed:,0.0
Frequency:,0.4
Heave Amplitude:,40
Pitch Amplitude:,60
Camber Amplitude,90
Pitch Phase,0
Camber Phase,0
Turn Rate,0
Test Duration,2

Time,Fx,Fz,Mx,My,Mz
1.2422068119049072,-0.16,-0.07,0.02,0.02,-0.01
1.445910930633545,-0.16,-0.07,0.02,0.02,-0.01
1.648643970489502,-0.16,-0.07,0.02,0.02,-0.01
1.852085828781128,-0.16,-0.07,0.02,0.02,-0.01
2.053989887237549,-0.17,-0.07,0.02,0.02,-0.01
2.258046865463257,-0.17,-0.07,0.02,0.02,-0.01
2.4621307849884033,-0.16,-0.07,0.02,0.02,-0.01
2.6663148403167725,-0.16,-0.07,0.02,0.02,-0.01
2.869091033935547,-0.16,-0.07,0.02,0.02,-0.01
